Div,Item
6,1001
6,1002
6,1003
6,1004
6,1005
6,1006
6,1007
6,1008
6,1009
6,1010
6,1011
6,1012
6,1013
6,1014
6,1015
6,1016
6,1017
6,1018
6,1019
6,1020
6,1021
6,1022
6,1023
6,1024
6,1025
6,1026
6,1027
6,1028
6,1029
6,1030
6,1031
6,1032
6,1033
6,1034
6,1035
6,1036
6,1037
6,1038
6,1039
6,1040
6,1041
6,1042
6,1043
6,1044
6,1045
6,1046
6,1047
6,1048
6,1049
6,1050
6,1051
6,1052
6,1053
6,1054
6,1055
6,1056
6,1057
6,1058
6,1059
6,1060
6,1061
6,1062
6,1063
6,1064
6,1065
6,1066
6,1067
6,1068
6,1069
6,1070
6,1071
6,1072
6,1073
6,1074
6,1075
6,1076
6,1077
6,1078
6,1079
6,1080
6,1081
6,1082
6,1083
6,1084
6,1085
6,1086
6,1087
6,1088
6,1089
6,1090
6,1091
6,1092
6,1093
6,1094
6,1095
6,1096
6,1097
6,1098
6,1099
6,1100
6,1101
6,1102
6,1103
6,1104
6,1105
6,1106
6,1107
6,1108
6,1109
6,1110
6,1111
6,1112
6,1113
6,1114
6,1115
6,1116
6,1117
6,1118
6,1119
6,1120
6,1121
6,1122
6,1123
6,1124
6,1125
6,1126
6,1127
6,1128
